rank,village_name,state,district,latitude,longitude,population,viirs_2019,viirs_latest,nl_pct_growth,nl_growth_x,road_connected,road_km,score_0_100,growth_tier
1,kaliyapani grant,assam,sivasagar,,,1000.0,0.18394017125534856,5.787465396723146,3046.3681334772737,31.46,1.0,2.05,84.55,Tier 1 - Hotspot
2,ekarani grant,assam,sivasagar,,,1000.0,0.09244262476082865,7.665796927909147,3082.910354575346,82.92,0.0,0.0,80.0,Tier 1 - Hotspot
3,bahar patti,uttar pradesh,jaunpur,,,1000.0,0.036844863927067095,1.4914549603099263,3082.910354575346,40.48,1.0,9.5,71.41,Tier 2 - High Growth
4,bhuwangarh,madhya pradesh,mandsaur,,,1000.0,0.0271491750110219,1.360336977227814,3082.910354575346,50.1,1.0,22.0,71.21,Tier 2 - High Growth
5,kadlur,karnataka,hassan,,,1000.0,0.0272297641084908,1.1855966116303294,3082.910354575346,43.54,1.0,9.81,70.26,Tier 2 - High Growth
6,bashbaruni,west bengal,north twenty four parganas,,,1000.0,0.0200398041668113,1.0241542364584433,3082.910354575346,51.1,1.0,10.64,69.68,Tier 2 - High Growth
7,timli,uttarakhand,tehri garhwal,,,1000.0,0.004477735323337751,0.9445880185127424,3082.910354575346,210.91,1.0,16.02,69.31,Tier 2 - High Growth
8,mirpur,punjab,hoshiarpur,,,1000.0,0.0023044279018461502,0.7700839277328277,3082.910354575346,334.03,1.0,20.35,68.52,Tier 2 - High Growth
9,paro,west bengal,maldah,,,1000.0,0.00011820892682125,0.764111120705099,3082.910354575346,6409.85,1.0,17.0,68.49,Tier 2 - High Growth
10,shahjahanpur garhi,uttar pradesh,bijnor,,,1000.0,0.01689811744049495,0.7022191105691598,3082.910354575346,41.55,1.0,21.45,68.21,Tier 2 - High Growth
11,amjhupi,west bengal,nadia,,,1000.0,0.01125288369437785,0.6290588876006796,3082.910354575346,55.9,1.0,15.4,67.87,Tier 2 - High Growth
12,jot chandi,west bengal,maldah,,,1000.0,0.02111001293816165,1.7892147568431425,3082.910354575346,84.75,1.0,3.35,67.85,Tier 2 - High Growth
13,nagla raijeet,rajasthan,dhaulpur,,,1000.0,0.00686347324186725,0.5957219143163721,3082.910354575346,86.78,1.0,19.0,67.72,Tier 2 - High Growth
14,ismailpur,punjab,gurdaspur,,,1000.0,0.00818932924053765,0.575998482556022,3082.910354575346,70.33,1.0,22.16,67.63,Tier 2 - High Growth
15,8 nn a,rajasthan,ganganagar,,,1000.0,0.00821973549353845,0.5683625289253631,3082.910354575346,69.14,1.0,11.0,67.59,Tier 2 - High Growth
16,passiyal,punjab,gurdaspur,,,1000.0,0.0046034469861419,0.5619471826213812,3082.910354575346,122.04,1.0,22.16,67.57,Tier 2 - High Growth
17,bhadar,west bengal,maldah,,,1000.0,0.013249855463291351,0.4963126917466969,3082.910354575346,37.46,1.0,10.5,67.27,Tier 2 - High Growth
18,lingapura,karnataka,bangalore rural,,,1000.0,0.00024015642246295,0.48178561839721434,3082.910354575346,1997.81,1.0,10.1,67.2,Tier 2 - High Growth
19,lamsarai,madhya pradesh,singrauli,,,1000.0,0.00612417308933585,0.5399688212399443,3082.910354575346,88.16,1.0,9.6,67.15,Tier 2 - High Growth
20,hiduvanahalli,karnataka,hassan,,,1000.0,0.00102380189731175,0.42218706909777814,3082.910354575346,411.97,1.0,11.04,66.93,Tier 2 - High Growth
21,makarkendi,west bengal,puruliya,,,1000.0,0.000231631573339,0.45285315669836024,3082.910354575346,1946.65,1.0,9.8,66.91,Tier 2 - High Growth
22,siron,uttarakhand,dehradun,,,1000.0,2.7372262407272904e-05,0.4115517043677567,3082.910354575346,14505.42,1.0,17.71,66.88,Tier 2 - High Growth
23,narpara,assam,nalbari,,,1000.0,0.0064279628861902,0.3999574508755125,3082.910354575346,62.21,1.0,11.33,66.83,Tier 2 - High Growth
24,bhagabeda,odisha,mayurbhanj,,,1000.0,0.00551316303124455,0.35440411069902733,3082.910354575346,64.27,1.0,11.07,66.62,Tier 2 - High Growth
25,daykhand,odisha,baleshwar,,,1000.0,0.00687601980377835,0.3322809963813109,3082.910354575346,48.32,1.0,11.65,66.52,Tier 2 - High Growth
26,totasahi,odisha,bhadrak,,,1000.0,0.00463313304670105,0.32453620237828895,3082.910354575346,70.03,1.0,10.05,66.48,Tier 2 - High Growth
27,mudpar,chhattisgarh,durg,,,1000.0,0.0087373619087424,0.3196396607667996,3082.910354575346,36.58,1.0,19.0,66.46,Tier 2 - High Growth
28,niyas,madhya pradesh,singrauli,,,1000.0,0.0249501769656438,0.7810516935063563,3030.3240507725013,31.3,1.0,8.3,66.46,Tier 2 - High Growth
29,pratappur,west bengal,murshidabad,,,1000.0,0.0058223658561788,0.3168604657786783,3082.910354575346,54.41,1.0,14.99,66.45,Tier 2 - High Growth
30,voda pora udh pora,jammu kashmir,kupwara,,,1000.0,0.0031908854049371,0.31297336042277957,3082.910354575346,98.05,1.0,13.7,66.43,Tier 2 - High Growth
31,sonadhap,jharkhand,dumka,,,1000.0,0.0056960011569626,0.36345793355345457,3082.910354575346,63.8,1.0,9.65,66.38,Tier 2 - High Growth
32,chadheya,odisha,kendrapara,,,1000.0,0.014894612835513299,0.7011562805385378,3082.910354575346,47.07,1.0,7.7,66.36,Tier 2 - High Growth
33,sirepani,madhya pradesh,chhindwara,,,1000.0,0.0033287119275648503,0.2964262375730211,3082.910354575346,89.02,1.0,12.3,66.35,Tier 2 - High Growth
34,korna,chhattisgarh,jashpur,,,1000.0,0.00742020138470965,0.29453101104091317,3082.910354575346,39.69,1.0,11.0,66.34,Tier 2 - High Growth
35,khadikasol,odisha,mayurbhanj,,,1000.0,2.5988065568659872e-05,0.29436605243877545,3082.910354575346,10907.27,1.0,13.9,66.34,Tier 2 - High Growth
36,bishnupur,odisha,baleshwar,,,1000.0,0.00555624382192065,0.7463178839265178,3082.910354575346,134.3,1.0,7.4,66.33,Tier 2 - High Growth
37,kamrabandh,jharkhand,godda,,,1000.0,0.00254512129501765,0.2884138637791951,3082.910354575346,113.28,1.0,10.0,66.32,Tier 2 - High Growth
38,bija bhatoli,punjab,hoshiarpur,,,1000.0,0.00319011175434105,0.2816271573241881,3082.910354575346,88.25,1.0,20.35,66.29,Tier 2 - High Growth
39,kalwani,uttarakhand,almora,,,1000.0,0.00436778610390205,0.2747105944992095,3082.910354575346,62.88,1.0,10.15,66.25,Tier 2 - High Growth
40,betagram,west bengal,paschim medinipur,,,1000.0,0.0010485818080986,0.27060915314324674,3082.910354575346,257.83,1.0,11.1,66.24,Tier 2 - High Growth
41,vasthare,karnataka,chikmagalur,,,1000.0,0.00042367717857745,0.26414957893904056,3082.910354575346,622.0,1.0,15.72,66.21,Tier 2 - High Growth
42,kuriapara,west bengal,puruliya,,,1000.0,0.00587837234767435,0.26152814524905627,3082.910354575346,44.48,1.0,14.92,66.19,Tier 2 - High Growth
43,fugale,maharashtra,thane,,,1000.0,0.09868899762839756,4.636041606542538,3082.910354575346,46.98,0.0,0.0,66.17,Tier 2 - High Growth
44,5 ntr,rajasthan,hanumangarh,,,1000.0,0.0014984088343293,0.23568777722012135,3082.910354575346,157.19,1.0,29.3,66.08,Tier 2 - High Growth
45,gorakhpur,madhya pradesh,balaghat,,,1000.0,0.0057605974806701,0.21856057190111294,3082.910354575346,37.93,1.0,10.0,66.0,Tier 2 - High Growth
46,maheshpur,chhattisgarh,surguja,,,1000.0,7.867693451923012e-05,0.214709710628944,3082.910354575346,2694.75,1.0,17.1,65.98,Tier 2 - High Growth
47,bhoiguda,odisha,koraput,,,1000.0,0.003348351720917,0.2024738618928727,3082.910354575346,60.45,1.0,14.7,65.92,Tier 2 - High Growth
48,phulkusma,west bengal,bankura,,,1000.0,0.0024738115491685503,0.1880722979938547,3082.910354575346,75.99,1.0,10.94,65.86,Tier 2 - High Growth
49,lakshmipur,west bengal,maldah,,,1000.0,0.00139055038842825,0.18531514699025775,3082.910354575346,133.17,1.0,10.5,65.85,Tier 2 - High Growth
50,tora,chhattisgarh,jashpur,,,1000.0,0.0005114886053827,0.1819724354188525,3082.910354575346,355.08,1.0,19.2,65.83,Tier 2 - High Growth
51,urvalu,karnataka,dakshina kannada,,,1000.0,0.00342781323302095,0.1798700844198432,3082.910354575346,52.46,1.0,18.27,65.82,Tier 2 - High Growth
52,furdi heti,maharashtra,chandrapur,,,1000.0,0.0009607579423221,0.17555593659894758,3082.910354575346,182.54,1.0,22.35,65.8,Tier 2 - High Growth
53,jamropani,jharkhand,dumka,,,1000.0,0.0053413182692161505,0.1749251675165026,3082.910354575346,32.74,1.0,10.3,65.8,Tier 2 - High Growth
54,bishnupur,west bengal,murshidabad,,,1000.0,0.00344585608867305,0.15284858412673596,3082.910354575346,44.34,1.0,14.0,65.7,Tier 2 - High Growth
55,bollamjhora f v,assam,kokrajhar,,,1000.0,0.0079559166106602,0.39034064522237444,3082.910354575346,49.06,1.0,8.6,65.66,Tier 2 - High Growth
56,lakriyali,rajasthan,barmer,,,1000.0,0.00069931281515635,0.1452751477464673,3082.910354575346,207.44,1.0,10.0,65.66,Tier 2 - High Growth
57,parsauna,madhya pradesh,singrauli,,,1000.0,0.00439399338829015,0.43395908109837417,3082.910354575346,98.74,1.0,8.3,65.62,Tier 2 - High Growth
58,maheshpur,west bengal,uttar dinajpur,,,1000.0,0.0005523529292288,0.1341601578547681,3082.910354575346,242.45,1.0,14.39,65.61,Tier 2 - High Growth
59,keolari,madhya pradesh,seoni,,,1000.0,0.00065040017128865,0.13063835941080781,3082.910354575346,200.55,1.0,23.2,65.6,Tier 2 - High Growth
60,mugwari,madhya pradesh,satna,,,1000.0,0.00165213142461315,0.128477261203985,3082.910354575346,77.72,1.0,22.31,65.59,Tier 2 - High Growth
61,charaidand,chhattisgarh,jashpur,,,1000.0,0.0017406391065874,0.12884004573855617,3082.910354575346,73.98,1.0,11.2,65.59,Tier 2 - High Growth
62,bijapuri,madhya pradesh,balaghat,,,1000.0,0.00265334332214365,0.12244059092646714,3082.910354575346,46.13,1.0,25.93,65.56,Tier 2 - High Growth
63,chataru para,assam,kamrup,,,1000.0,0.0016991774548824,0.11944972151462015,3082.910354575346,70.26,1.0,11.19,65.55,Tier 2 - High Growth
64,rompalle,andhra pradesh,adilabad,,,1000.0,0.0005003414520812,0.12081684469621964,3082.910354575346,240.99,1.0,19.7,65.55,Tier 2 - High Growth
65,kanhari,madhya pradesh,jabalpur,,,1000.0,1.473808428696537e-05,0.1197158946563375,3082.910354575346,7606.76,1.0,22.5,65.55,Tier 2 - High Growth
66,khada macha,chhattisgarh,jashpur,,,1000.0,0.00254171451899735,0.11838045189174828,3082.910354575346,46.56,1.0,23.0,65.54,Tier 2 - High Growth
67,godaron ki dhani,rajasthan,barmer,,,1000.0,0.0015653924635598499,1.3069107862489662,3082.910354575346,834.34,1.0,3.2,65.53,Tier 2 - High Growth
68,matihani,madhya pradesh,singrauli,,,1000.0,0.00103287563107545,0.1129261260272648,3082.910354575346,109.23,1.0,19.55,65.52,Tier 2 - High Growth
69,k gollahalli,karnataka,ramanagara,,,1000.0,6.475714364904838e-07,0.19388849881978,3082.910354575346,117681.39,1.0,9.51,65.49,Tier 2 - High Growth
70,majhua nankar,bihar,purnia,,,1000.0,0.0013121472147084,0.6778308113634723,3082.910354575346,516.19,1.0,6.75,65.49,Tier 2 - High Growth
71,bodal kachhar,madhya pradesh,chhindwara,,,1000.0,0.0014567823155331502,0.09498994904326195,3082.910354575346,65.16,1.0,15.35,65.43,Tier 2 - High Growth
72,salewada,madhya pradesh,balaghat,,,1000.0,0.0007295659821389001,0.0910284731964672,3082.910354575346,124.6,1.0,11.0,65.42,Tier 2 - High Growth
73,kapaut,chhattisgarh,surguja,,,1000.0,5.839743975161631e-05,0.08879536342366764,3082.910354575346,1494.94,1.0,10.15,65.41,Tier 2 - High Growth
74,madhabkati,west bengal,north twenty four parganas,,,1000.0,0.0001969372096297,0.08719559856846115,3082.910354575346,440.52,1.0,13.0,65.4,Tier 2 - High Growth
75,morajan,assam,golaghat,,,1000.0,0.00506091260815985,0.8717054141822338,3082.910354575346,172.21,1.0,5.5,65.38,Tier 2 - High Growth
76,kongkan,manipur,ukhrul,,,1000.0,0.0011689981701783,0.0820521424995175,3082.910354575346,70.13,1.0,14.0,65.37,Tier 2 - High Growth
77,sainjna,uttar pradesh,rampur,,,1000.0,0.000270951580012,0.46579148268451476,3082.910354575346,1712.77,1.0,7.8,65.37,Tier 2 - High Growth
78,balagerya,west bengal,purba medinipur,,,1000.0,0.02188073136515485,1.30273566209198,3082.910354575346,59.54,1.0,3.0,65.35,Tier 2 - High Growth
79,saersahi,west bengal,paschim medinipur,,,1000.0,0.0141086700879932,0.7501561070517045,3082.910354575346,53.17,1.0,6.1,65.31,Tier 2 - High Growth
80,silogi,uttarakhand,tehri garhwal,,,1000.0,5.488846684305435e-07,0.06476200533463994,3082.910354575346,41812.03,1.0,12.85,65.3,Tier 2 - High Growth
81,uchabarari,madhya pradesh,harda,,,1000.0,0.00020649804194675,0.06529502053918995,3082.910354575346,314.68,1.0,17.9,65.3,Tier 2 - High Growth
82,subarda,west bengal,bankura,,,1000.0,0.00084708523362975,0.0641164103916369,3082.910354575346,75.6,1.0,10.0,65.29,Tier 2 - High Growth
83,parajamundar,odisha,koraput,,,1000.0,0.0009256461864637999,0.06353195725986185,3082.910354575346,68.56,1.0,14.7,65.29,Tier 2 - High Growth
84,patana,chhattisgarh,surguja,,,1000.0,0.0005123803991249,0.06390662631357215,3082.910354575346,124.48,1.0,11.95,65.29,Tier 2 - High Growth
85,mast pora,jammu kashmir,shupiyan,,,1000.0,4.999539886710502e-05,0.0621199831203341,3082.910354575346,1218.15,1.0,21.5,65.28,Tier 2 - High Growth
86,sakada,chhattisgarh,koriya,,,1000.0,3.180266953009927e-05,0.0588979096328966,3082.910354575346,1795.52,1.0,32.88,65.27,Tier 2 - High Growth
87,hachookara,rajasthan,jaipur,,,1000.0,0.00117104331950335,0.05541231952283425,3082.910354575346,47.28,1.0,13.0,65.25,Tier 2 - High Growth
88,chikadal,assam,baksa,,,1000.0,0.0004499450938901,0.1402263502066619,3082.910354575346,310.96,1.0,9.5,65.24,Tier 2 - High Growth
89,bela dhiani,punjab,rupnagar,,,1000.0,0.00334427544411525,0.22645534398645012,3082.910354575346,67.69,1.0,9.0,65.23,Tier 2 - High Growth
90,sukurhutu,west bengal,puruliya,,,1000.0,1.2048594482993091e-05,0.049481415963842104,3082.910354575346,3792.09,1.0,15.95,65.23,Tier 2 - High Growth
91,mudiyani,uttarakhand,champawat,,,1000.0,0.00167608038040345,0.30639651239180177,3082.910354575346,182.7,1.0,8.5,65.2,Tier 2 - High Growth
92,mendhi kheda,madhya pradesh,west nimar,,,1000.0,0.0001486380406869,0.042823489861081795,3082.910354575346,286.18,1.0,12.1,65.2,Tier 2 - High Growth
93,pipri,madhya pradesh,mandla,,,1000.0,0.00028118106935505,0.0420085689602574,3082.910354575346,148.87,1.0,13.25,65.19,Tier 2 - High Growth
94,kailakhar,uttarakhand,garhwal,,,1000.0,0.00105165142293185,0.0403302193224764,3082.910354575346,38.31,1.0,22.4,65.18,Tier 2 - High Growth
95,bidaura,madhya pradesh,sidhi,,,1000.0,0.0006410869950356499,0.0373073516155635,3082.910354575346,58.1,1.0,13.65,65.17,Tier 2 - High Growth
96,tandalala nayak,madhya pradesh,jhabua,,,1000.0,0.010907535347587049,0.3691014590278095,3082.910354575346,33.84,1.0,8.1,65.17,Tier 2 - High Growth
97,sajiyali padamsingh kanthwara,rajasthan,barmer,,,1000.0,0.022639626308107,1.087661628360597,3082.910354575346,48.04,1.0,4.0,65.17,Tier 2 - High Growth
98,karansar,rajasthan,churu,,,1000.0,0.00063381606094245,0.03390351783194915,3082.910354575346,53.41,1.0,15.0,65.15,Tier 2 - High Growth
99,givashi,maharashtra,pune,,,1000.0,0.0009409880626427001,0.0336410636034582,3082.910354575346,35.71,1.0,36.6,65.15,Tier 2 - High Growth
100,sehada,jharkhand,chatra,,,1000.0,0.00067235392381665,0.0252630212840199,3082.910354575346,37.52,1.0,14.5,65.12,Tier 2 - High Growth
